name,group,phi,t_phi_eq_1,half_life
ICBC,A-H,0.9922580596260034,-3.631237762571015,89.18443174867551
China Construction Bank,A-H,0.9920558190136992,-3.6535574802885327,86.90515466527933
Bank of China,A-H,0.9909847395251425,-3.89075981594569,76.53888818714242
Bank of Communications,A-H,0.9867624181150413,-4.673335559239818,52.01472601366827
China Merchants Bank,A-H,0.9828937837258866,-5.175083967890066,40.17262251668081
CITIC Bank,A-H,0.9908851048043406,-3.7199684426507478,75.69844335374454
Minsheng Bank,A-H,0.9920990946884993,-3.4377897690138535,87.38306410904275
Ping An,A-H,0.989159257320869,-4.28965268733494,63.591882999486685
China Life,A-H,0.998224848386269,-2.067734599952669,390.12542498061174
China Pacific Insurance,A-H,0.9942462605647904,-3.2994625892459086,120.12208346206947
New China Life,A-H,0.994937374710246,-2.935967985067992,136.56770638739505
CITIC Securities,A-H,0.9946253075602707,-3.296453010514311,128.61810954951787
Huatai Securities,A-H,0.988140054549121,-3.929590409394376,58.09711910155681
Sinopec,A-H,0.9928075031848336,-3.4493416708488804,96.02388015046968
PetroChina,A-H,0.9942493332531332,-3.0206709452535505,120.18645246573759
CNOOC,A-H,0.9724452339561576,-3.780878544359787,24.807067982828084
China Shenhua,A-H,0.9897286456835461,-4.21798198451568,67.13635356250705
China Coal Energy,A-H,0.9935665818838944,-3.1062311889842236,107.39471877002671
Yanzhou Coal,A-H,0.9941392232806776,-2.954615176637206,117.92191262931117
Huaneng Power,A-H,0.9958563192487156,-2.753259747241085,166.93131974201341
Zijin Mining,A-H,0.9960633682401381,-2.4663240760813467,175.7294035217069
Chalco,A-H,0.9928562654126771,-3.2270115377184063,96.6816983495262
Jiangxi Copper,A-H,0.9886654550234486,-4.184232077747233,60.80627540411531
Anhui Conch Cement,A-H,0.9953194303788351,-2.846196500133541,147.74350267204304
Angang Steel,A-H,0.9947338765536045,-2.9259029649373662,131.27692166524153
Maanshan Iron,A-H,0.9953248583240881,-2.8052853711071366,147.9154392305103
Shanghai Petrochemical,A-H,0.9947563393787379,-2.7764030289303308,131.84077380240132
CRRC,A-H,0.9953469571789917,-2.841412935225394,148.61958763062842
China Railway Group,A-H,0.9943801589176077,-3.2898826543251913,122.99238581623048
China Comm. Construction,A-H,0.9945401903403884,-3.4390410157777755,126.60756898818661
Weichai Power,A-H,0.9891081650714163,-4.229714648660299,63.291949676962226
Guangshen Railway,A-H,0.9937387661412262,-3.3417746481831205,110.3576301848813
BYD,A-H,0.9907373572602097,-3.710804231375926,74.48543938284428
Great Wall Motor,A-H,0.9956618752621706,-2.6189476862232195,159.43354640126518
Guangzhou Automobile,A-H,0.9967436381808198,-2.376246193995113,212.51262497085463
Air China,A-H,0.9924546500324859,-3.678567447223262,91.51714148444393
China Southern Airlines,A-H,0.9841315322524865,-5.068856708844131,43.33329077948544
China Eastern Airlines,A-H,0.9920958533487618,-3.5451731212135864,87.34708748181535
ZTE,A-H,0.9875480668691001,-4.445457903870739,55.31853165831126
Tsingtao Brewery,A-H,0.9940466868585838,-3.110455187347909,116.08357392108867
Chenming Paper,A-H,0.996092464593478,-2.1685862405156255,177.04050669393826
Shandong Xinhua Pharma,A-H,0.994355208126594,-2.9028503865258006,122.44720700845961
Guangdong Kelon,A-H,0.9937125672118998,-3.084034716047131,109.89633687353361
Anhui Expressway,A-H,0.995711421848645,-2.5465072629943126,161.27951586288467
China Shipping Dev,A-H,0.9939763430042368,-3.1758105925239435,114.72390250741813
Huadian Power,A-H,0.9935973013056971,-3.108217664968646,107.91165283963666
Guangzhou Pharmaceutical,A-H,0.9832885675127158,-5.07670909748348,41.12987754414317
Jiangsu Expressway,A-H,0.996290361386627,-2.571748354733512,186.50353673923559
Shenzhen Expressway,A-H,0.9895305047731066,-3.998805353233847,65.85917948882869
Guangzhou Shipyard,A-H,0.9922436183911499,-3.6794630250719798,89.01773658801167
Nanjing Panda,A-H,0.993293605676069,-3.1487206924554956,103.0092000835625
Beiren Printing,A-H,0.991719717106551,-3.5138195374544368,83.36351369023019
Yizheng Chemical,A-H,0.9920270493490936,-3.50726888583587,86.59031143118162
Tianjin Capital Env.,A-H,0.995555858801142,-2.4872833844035642,155.6219265484143
Dongfang Electric,A-H,0.9928937981612994,-3.3263702499323755,97.1941758842555
Luoyang Glass,A-H,0.9971645914539493,-2.059875393234904,244.11439358981917
Chongqing Iron & Steel,A-H,0.9916745158855547,-3.5445688425705058,82.90902459012689
China Railway Const.,A-H,0.9951455088815954,-3.150352973189432,142.4378705685371
Beijing North Star,A-H,0.9949876998460723,-2.674384660750989,137.9423764834969
China Oilfield Services,A-H,0.9933996144176485,-3.4088841621611143,104.66920876878423
COSCO Shipping,A-H,0.9954384931739075,-2.6061276619829945,151.608910059677
China Shipping Container,A-H,0.9925332871899797,-3.633040105331716,92.48463148829424
Datang Power,A-H,0.9927562452862162,-3.2711375657649064,95.34194238228176
Alibaba,H-ADR,0.04023078751289248,-38.49172562458549,0.21572384294202124
JD.com,H-ADR,0.09710373660720656,-34.79520998301212,0.29723605742567927
NetEase,H-ADR,0.05282797557082144,-36.43858827213699,0.23570707285766468
Baidu,H-ADR,0.12786546337983765,-31.556475316012204,0.3370065415508486
Bilibili,H-ADR,0.05586960196763863,-33.88250111290011,0.24028107228359522
Li Auto,H-ADR,0.09483813115260822,-31.39219543254029,0.2942570768001263
XPeng,H-ADR,0.0320971556589856,-33.82198480172413,0.20155557637015656
NIO,H-ADR,0.07988154550415849,-30.155253539250875,0.27427363163235735
Trip.com,H-ADR,0.07527674017588039,-33.06130778998215,0.2679778260304827
Yum China,H-ADR,0.09683741753510632,-34.14319416049917,0.2968864111450138
Weibo,H-ADR,0.13525663901381102,-29.15659958827513,0.3464728921812709
BeiGene,H-ADR,0.15795594346165162,-37.353129015605134,0.375600133140472
Zai Lab,H-ADR,0.10085928522322188,-33.87636923152816,0.30215276089160703
Autohome,H-ADR,0.17219489289359477,-30.232461859489597,0.39402877133101466
New Oriental Ed.,H-ADR,0.01595906897408778,-36.51842342678193,0.16751878726763353
ZTO Express,H-ADR,0.1839043671221578,-31.087185267751995,0.40933741953979336
Baozun,H-ADR,0.2035160685048998,-30.47309534950196,0.43539113620932796
Miniso,H-ADR,0.14349354047637283,-27.058444815692056,0.3570227061150413
Qifu Technology,H-ADR,0.291311596826239,-22.116708206983244,0.5619982535776838
H World (Huazhu),H-ADR,0.09735855379293809,-34.03031867783762,0.2975704752616828
