name,lags,adf_p_la,adf_p_lh,both_I1,trace_r0,crit_r0,trace_r1,crit_r1,rej_r0,rej_r1,margin_r0,valid_coint
ICBC,6,0.865826508495281,0.9322036234836535,True,12.325725111153922,15.4943,0.08901769933640709,3.8415,False,False,-0.20449938937842166,False
China Construction Bank,5,0.8060798544349278,0.9442506773980854,True,13.848497743290702,15.4943,0.04462739205869952,3.8415,False,False,-0.10621985224949167,False
Bank of China,9,0.8769950203500507,0.9787787996701961,True,17.511555039656074,15.4943,0.13331535054618707,3.8415,True,False,0.13019336398908454,True
Bank of Communications,6,0.5880929960894665,0.8588397428711023,True,14.805737968907005,15.4943,0.2925466075479373,3.8415,False,False,-0.04443969918570028,False
China Merchants Bank,10,0.3895992097961144,0.6168903661977887,True,16.128490160169914,15.4943,4.316135078412189,3.8415,True,True,0.040930546082747404,False
CITIC Bank,2,0.25445705003354446,0.9630010995867655,True,24.801692972361707,15.4943,0.004654353798044367,3.8415,True,False,0.6006978677553491,True
Minsheng Bank,6,0.23944658419862574,0.37420734880982087,True,9.790900852613246,15.4943,3.2301793735493147,3.8415,False,False,-0.3680965998713562,False
Ping An,8,0.20154853961675306,0.31243140046376894,True,22.20965455858502,15.4943,6.976544032079088,3.8415,True,True,0.4334080635191662,False
China Life,7,0.04610903148552835,0.5947390929351096,False,11.015685687537303,15.4943,1.6861492969241834,3.8415,False,False,-0.28904915436403694,False
China Pacific Insurance,6,0.07147269520979008,0.12405254696054485,True,16.113838781719824,15.4943,6.229394380609141,3.8415,True,True,0.039984948124137484,False
New China Life,10,0.14924026287115721,0.574662710736529,True,12.418105608792489,15.4943,1.7197794830215398,3.8415,False,False,-0.19853716471266927,False
CITIC Securities,2,0.07760205019973711,0.22311269034834447,True,13.467148490492702,15.4943,5.008698080644839,3.8415,False,True,-0.13083208079792558,False
Huatai Securities,2,0.0011295792609782062,0.09897455614689349,False,28.044270168165035,15.4943,5.697675473317586,3.8415,True,True,0.80997335588991,False
Sinopec,2,0.365835504876422,0.3814638612429664,True,17.560167849179862,15.4943,2.6942006504127756,3.8415,True,False,0.1333308280580511,True
PetroChina,5,0.8005810647420828,0.939109533457469,True,13.466595200609177,15.4943,0.2749663275840972,3.8415,False,False,-0.13086779005123328,False
CNOOC,1,0.816037715351041,0.7241231924448261,True,18.245778326338204,15.4943,0.9350008972471634,3.8415,True,False,0.17758003435703473,True
China Shenhua,10,0.9498873877300875,0.9921749459473241,True,11.638527252866457,15.4943,0.6179819489727584,3.8415,False,False,-0.24885104503808136,False
China Coal Energy,2,0.7608194464945163,0.9290838650002982,True,14.553460405131027,15.4943,0.14433866954056268,3.8415,False,False,-0.06072165860148403,False
Yanzhou Coal,2,0.8976346784627789,0.9439436389924494,True,8.028729026438135,15.4943,0.057327699542561984,3.8415,False,False,-0.4818269281969411,False
Huaneng Power,8,0.07546411133394974,0.25456154824280997,True,17.063667725888184,15.4943,5.702976720158826,3.8415,True,True,0.10128677809828021,False
Zijin Mining,5,0.9431567432528267,0.952440686556496,True,8.44136343009165,15.4943,0.05736972199945448,3.8415,False,False,-0.455195560296906,False
Chalco,1,0.3284466599985456,0.5171245320136437,True,17.891573757246043,15.4943,3.196462994365127,3.8415,True,False,0.15471971997741377,True
Jiangxi Copper,5,0.6763265060705352,0.9415939998987057,True,18.404382198126964,15.4943,0.36713422360261844,3.8415,True,False,0.18781630652091175,True
Anhui Conch Cement,8,0.3917801840309735,0.4560473867889271,True,13.642943524724997,15.4943,3.05899580013008,3.8415,False,False,-0.11948629336433425,False
Angang Steel,10,0.1667503431722721,0.5655677653543743,True,16.52665443995813,15.4943,3.135351066004557,3.8415,True,False,0.06662801417025153,True
Maanshan Iron,2,0.032830346534628296,0.1620147483311543,False,15.32741751549333,15.4943,5.016223758474629,3.8415,False,True,-0.010770572694905257,False
Shanghai Petrochemical,6,0.19018249429314477,0.5625115914569706,True,13.323140774763043,15.4943,1.9192434118011334,3.8415,False,False,-0.1401263190487442,False
CRRC,10,0.05110273950597675,0.3340524837187955,True,12.901897868195814,15.4943,3.1515969421061683,3.8415,False,False,-0.16731327854786515,False
China Railway Group,8,0.01739423909485125,0.006408897488675827,False,25.937252230870598,15.4943,10.121153510602232,3.8415,True,True,0.6739867067805966,False
China Comm. Construction,5,0.027670052064494313,0.25360555157119985,False,15.72669513730326,15.4943,4.539283644203895,3.8415,True,True,0.01499875033420412,False
Weichai Power,7,0.8694266538772344,0.9094247567063856,True,20.424612227304966,15.4943,0.33435078349673597,3.8415,True,False,0.3182016759263061,True
Guangshen Railway,9,0.3184256369321687,0.5149148054344339,True,17.298721777355258,15.4943,1.994150660344543,3.8415,True,False,0.11645713438846912,True
BYD,2,0.7145940629559042,0.7540304815337262,True,12.761588179607738,15.4943,0.9917880266338619,3.8415,False,False,-0.17636884663342406,False
Great Wall Motor,3,0.4614267949723888,0.2941377119039543,True,12.501406750413656,15.4943,1.870526194595291,3.8415,False,False,-0.19316092044082953,False
Guangzhou Automobile,3,0.47287053729146633,0.6285231110444583,True,8.55616600794376,15.4943,2.0557868291918577,3.8415,False,False,-0.4477862176449559,False
Air China,8,0.010862969399354539,0.04056841214422134,False,17.130554298029896,15.4943,7.216381133375752,3.8415,True,True,0.10560362830395016,False
China Southern Airlines,11,0.020355673256196513,0.060162402214318546,False,27.064484578767082,15.4943,9.764144132574133,3.8415,True,True,0.7467381281353195,False
China Eastern Airlines,7,0.15468819328776062,0.09425997431290006,True,13.548398567798607,15.4943,5.482147391520235,3.8415,False,True,-0.12558821193609224,False
ZTE,6,0.09754876599734097,0.0660944327244291,True,23.931136627556857,15.4943,6.62024519662251,3.8415,True,True,0.5445122804874603,False
Tsingtao Brewery,3,0.5985684262773514,0.3250303546008135,True,16.1220395566852,15.4943,2.0814029717617886,3.8415,True,False,0.04051422501727716,True
Chenming Paper,9,0.6730566341667592,0.8664961100347308,True,12.739982502410726,15.4943,0.4243935893894122,3.8415,False,False,-0.1777632740807442,False
Shandong Xinhua Pharma,9,0.08703254978089137,0.022277257756311057,False,20.58832994862385,15.4943,6.984121797846684,3.8415,True,True,0.3287679952384974,False
Guangdong Kelon,2,0.6922794636166535,0.8367989007472935,True,15.475397948753914,15.4943,0.6509478242881344,3.8415,False,False,-0.001219935798718698,False
Anhui Expressway,9,0.55782331190615,0.9743864640657929,True,5.293680207573166,15.4943,0.058177317767041783,3.8415,False,False,-0.6583466043917334,False
China Shipping Dev,1,0.5958359979790671,0.9435548795704464,True,9.421024332956993,15.4943,0.5968518706299422,3.8415,False,False,-0.3919683797940538,False
Huadian Power,2,0.1254734553394496,0.43102408509295687,True,17.463614224094865,15.4943,2.9804863397747554,3.8415,True,False,0.1270992703184309,True
Guangzhou Pharmaceutical,2,0.007479618926781768,0.012311314566135458,False,33.00984583929817,15.4943,11.30527207368061,3.8415,True,True,1.1304509296514311,False
Jiangsu Expressway,3,0.42319398956865373,0.40165061744677555,True,13.033246773392483,15.4943,3.402684624991125,3.8415,False,False,-0.15883603819517617,False
Shenzhen Expressway,9,0.014247192290950709,0.020464032848244045,False,23.5279502834106,15.4943,8.089635498506436,3.8415,True,True,0.5184906890540779,False
Guangzhou Shipyard,5,0.08090687126705864,0.17587897771990685,True,17.08615437185275,15.4943,5.803308256748717,3.8415,True,True,0.10273806314920642,False
Nanjing Panda,6,0.011703521583548268,0.09105384616750861,False,18.22063600039883,15.4943,5.7276517033937235,3.8415,True,True,0.17595735208423932,False
Beiren Printing,5,0.17883696763096946,0.2512121615643086,True,12.714120734365274,15.4943,4.019920384944238,3.8415,False,True,-0.1794323890485357,False
Yizheng Chemical,2,0.5239396015744237,0.4688628270292197,True,15.553965580544295,15.4943,2.737613666896612,3.8415,True,False,0.003850808396913334,True
Tianjin Capital Env.,3,0.10224504242349103,0.1408129813556031,True,10.598804358673618,15.4943,3.246272086033967,3.8415,False,False,-0.3159546182355048,False
Dongfang Electric,3,0.5884093682834001,0.8514084344368187,True,16.001013899451443,15.4943,0.7368635837252434,3.8415,True,False,0.03270324567430878,True
Luoyang Glass,1,0.29278137254216285,0.12723801603517215,True,11.209704048203669,15.4943,4.124974965673973,3.8415,False,True,-0.2765272359381406,False
Chongqing Iron & Steel,1,0.40582880409763467,0.09300724242573283,True,19.51160051080209,15.4943,4.016119062752467,3.8415,True,True,0.25927602478344225,False
China Railway Const.,12,0.014815971389540196,0.11356543308743333,False,17.28027330789068,15.4943,5.39634981386797,3.8415,True,True,0.11526647269580945,False
Beijing North Star,5,0.4771431485187984,0.83476841642698,True,9.83036507349755,15.4943,0.6411702591150942,3.8415,False,False,-0.36554958446024993,False
China Oilfield Services,2,0.01433144214994914,0.0067969250144002055,False,26.875740292657206,15.4943,10.8256333896811,3.8415,True,True,0.7345565977589955,False
COSCO Shipping,12,0.7298824774056499,0.9627245116641728,True,10.706573906341559,15.4943,0.01590810357444808,3.8415,False,False,-0.3089991863884423,False
China Shipping Container,3,0.2241360495085159,0.22417634384692453,True,17.6661041967486,15.4943,6.280947331043999,3.8415,True,True,0.1401679454217743,False
Datang Power,12,0.5420545565337279,0.4863006524629748,True,17.19434766075987,15.4943,4.001677001283272,3.8415,True,True,0.10972084319781271,False
